,class_labels,x1_labels,y1_labels,x2_labels,y2_labels,att1_labels,att2_labels,att3_labels,att4_labels,att5_labels,att6_labels,att7_labels,att8_labels,att9_labels,att10_labels,class_pred,x1_pred,y1_pred,x2_pred,y2_pred,att1_pred,att2_pred,att3_pred,att4_pred,att5_pred,att6_pred,att7_pred,att8_pred,att9_pred,att10_pred
0,2.0,0.6888128221649484,0.32299183848797247,0.6192493556701032,0.3998496563573884,1.0,0.0,0.0,0.0,0.0,0.0,0.0,0.0,0.0,0.0,2.0,0.686464,0.322009,0.627072,0.419655,1.0,0.0,0.0,0.0,0.0,0.0,0.0,0.0,0.0,0.0
1,2.0,0.3530122422680412,0.5547680412371133,0.5968105670103092,0.38659793814432997,1.0,0.0,0.0,0.0,0.0,0.0,0.0,0.0,0.0,0.0,2.0,0.314375,0.555987,0.628023,0.377533,1.0,0.0,0.0,0.0,0.0,0.0,0.0,0.0,0.0,0.0
